X,Y,FID,GEODB_OID,OBJECTID,TREEID,STATUS,SCIENTIFIC,COMMON_NAM,STATEID,ADDRESS,HEIGHT,SPREAD,CIRCUMFERE,DIAMETER,YEAR,OWNER,NOTES,COALITIONS
-122.6840138,45.51672923,1,1,1,1,Heritage,Ulmus americana,American elm,1S1E04AA  6200,1111 SW 10th AVE,78,105,12.17,46,1973,Private,This tree was planted in front of the home of Martin and Rosetta Burrell in 1870 and is thus known as the 'Burrell Elm'.,Neighbors West/Northwest
-122.6474656,45.54352336,2,144,144,164,Heritage,Platanus x acerifolia,London planetree,1N1E26AC  12000,1728 NE STANTON ST,82,85,15.44,59,1997,"Private, Front Yard",south side between NE 17th Ave and NE 18th Ave,Northeast Coalition of Neighbors
-122.6825746,45.51716693,3,2,2,2,Heritage,Platanus x acerifolia,London planetree,1S1E04AA  2100,NW/C SW PARK & SW MAIN ST,63,95,14,53,1975,Right Of Way,This tree was planted beside the Sylvester Farrell house in 1880.,Neighbors West/Northwest
-122.6066154,45.51226921,4,145,145,165,Heritage,Sequoiadendron giganteum,Giant sequoia,1S2E06AC  16300,5511 SE HAWTHORNE BLVD,175,60,23.25,89,1997,"Private, Side Yard",This tree can be found along SE 55th Ave at this address.,Southeast Uplift Neighborhood Program
-122.6506587,45.53442499,5,3,3,3,Heritage,Liriodendron tulipifera,Tulip tree,1N1E26DC  13500,1403 NE WEIDLER ST,72,65,15.5,59,1993,"Private, Side Yard, Corner Lot","This tree is at the corner of NE 15th Ave and NE Weidler St, in an open patio area. It was planted near the George Nicolai home in the 1890s.",None
-122.6298788,45.49507771,6,146,146,167,Heritage,Sequoia sempervirens,Coast redwood,1S1E12DB  3600,3381 SE FRANCIS ST,70,49,14.6,56,1997,"Private, Rear Yard",This tree is most visible from SE 33rd Pl.,Southeast Uplift Neighborhood Program
-122.631848,45.5073902,7,4,4,4,Heritage,Quercus garryana,Oregon white oak,1S1E01CD  1600,2137 SE 32nd PL,40,80,15,57,1993,"Private, Side Yard",This tree is known as the Picnic Oak and is on the west side of the lot between SE Lincoln St and SE Grant St.,Southeast Uplift Neighborhood Program
-122.6998957,45.5291503,8,147,147,168,Heritage,Acer palmatum,Japanese maple,1N1E33BC  11200,2367 NW KEARNEY ST,28,53,7.25,28,1998,"Private, Front Yard","This tree is on the north side of the lot, between NW 24th Ave and NW 23rd Ave.",Neighbors West/Northwest
-122.6945953,45.51798031,9,5,5,5,Heritage,Pinus nigra,Austrian pine,1S1E04BA 6800,COR JEFFERSON & SW 20TH,107,55,10.2,39,1993,Right Of Way (Trimet),"This tree is located in a built out planter at the intersection and is believed to have been planted sometime in the late 19th century by Henry Miller, one of Portlandâ€™s first florists.",Neighbors West/Northwest
-122.7048256,45.47859027,10,148,148,169,Heritage,Thuja plicata,Western redcedar,1S1E17DD  2600,6215 SW 27TH AVE,75,33,11.6,44,1998,"Private, Rear Yard",This tree is only partially visible from the street.,"Southwest Neighborhoods, Inc."
-122.6947724,45.51782196,11,6,6,6,Heritage,Cedrus libani ssp. libani,Cedar of Lebanon,1S1E04BA9 70000,2024 SW HOWARDS WAY,85,79,15.4,59,1993,"Private, Side Yard",This tree is at the corner of SW Howards Way and SW 20th Ave.,Neighbors West/Northwest
-122.5892044,45.49758577,12,149,149,170,Heritage,Carya ovata,Shagbark hickory,1S2E08AC  18400,7123 SE POWELL BLVD,47,47,6,23,1998,"Private, Front Yard",north side between SE 71st Ave and SE 72nd Ave,Southeast Uplift Neighborhood Program
-122.5589969,45.53896908,13,7,7,7,Heritage,Fagus sylvatica,European beech,1N2E28DA  700,10115 NE THOMPSON ST,65,72,20.8,79,1994,"Right Of Way, Unimproved",This tree is at the end of the street.,East Portland Neighborhood Office
-122.670273,45.47327095,14,150,150,171,Heritage,Quercus garryana,Oregon white oak,1S1E22A   900,,102,72,17,65,1998,"Public, Portland Parks & Rec","This tree is on the south end Willamette Park, adjacent to the child play area, and is known as the Revolution Oak.","Southwest Neighborhoods, Inc."
-122.7181737,45.57698179,15,8,8,8,Heritage,Quercus garryana,Oregon white oak,1N1E17BB  100,7168 N OLIN AVE,80,96,15.2,58,1994,"Right Of Way, Unimproved",This tree is on the east side of the lot between N Stafford St and N Syracuse St.,North Portland Neighborhood Services
-122.6955024,45.51984807,16,151,151,172,Heritage,Ulmus x hollandica 'Hollandica',Dutch elm,1N1E33CD  7700,1150 SW KING AVE,97,74,13.7,52,1998,"Private, Front Yard, ROW",This tree is Ulmus x hollandica 'Hollandica' and is at the corner of SW King Ave and SW Kings Ct.,Neighbors West/Northwest
-122.6972742,45.5131152,17,9,9,9,Heritage,Quercus rubra,Northern red oak,1S1E04BD  12100,1961 SW VISTA AVE,100,105,21.15,81,1994,"Private, Front Yard","This tree is deep in the front yard, but is still very visible, it was planted in the early 1920s by Dr. A.S. Nichols.","Southwest Neighborhoods, Inc."
-122.6800209,45.50214947,18,152,152,173,Heritage,Fagus sylvatica f. purpurea,European beech,1S1E10BB  8700,2909 SW 2ND AVE,78,74,12.6,48,1998,Portland Parks & Recreation (Lair Hill),"This tree is a variety of European Beech known as a Copper Beech, Fagus sylvatica f. purpurea.  This tree is at the corner of SW 2nd Ave and SW Hooker St, at the Carnegie Annex in Lair Hill Park.","Southwest Neighborhoods, Inc."
-122.6984673,45.53198958,19,10,10,10,Heritage,Quercus garryana,Oregon white oak,1N1E33BB  900,1310-1338 NW 23RD AVE,80,86,15.4,59,1994,"Private, Side Yard","This tree is on the west end of the address block, around the corner on NW Overton.",Neighbors West/Northwest
-122.6799827,45.50096475,20,153,153,174,Heritage,Carya ovata,Shagbark hickory,1S1E10BB  8600,3037 SW 2ND AVE,60,50,6.2,24,1998,Portland Parks & Recreation,"This tree is in Lair Hill Park, on the east side, opposite Cedarwood School.","Southwest Neighborhoods, Inc."
-122.7007055,45.51973186,21,11,11,11,Heritage,Liriodendron tulipifera,Tulip tree,1N1E33CC  6900,2390 SW MADISON ST,80,55,15.6,60,1994,"Private, Front Yard",south side between SW 23rd Ave and Washington Park,Neighbors West/Northwest
-122.6426181,45.49761659,22,154,154,175,Heritage,Quercus rubra,Northern red oak,1S1E11A   100,SE POWELL BLVD,100,50,16.8,64,1998,Portland Parks & Recreation (Powell Park),"This tree is found on the south side of Powell Park, roughly between SE 23rd and SE 24th Ave.",Southeast Uplift Neighborhood Program
-122.6324883,45.46774452,23,12,12,12,Heritage,Ulmus americana,American elm,1S1E24CA  6000,7821 SE 30TH AVE,60,114,13.7,52,1994,Right Of Way,west side between SE Lambert St and SE Crystal Springs Blvd,Southeast Uplift Neighborhood Program
-122.6429591,45.49869645,24,155,155,176,Heritage,Quercus rubra,Northern red oak,1S1E11A   100,SE POWELL BLVD,100,50,17.5,67,1998,Portland Parks & Recreation (Powell Park),"This tree is on the north side of Powell Park, roughly between SE 23rd and SE 24th Ave.",Southeast Uplift Neighborhood Program
-122.704891,45.57866319,25,156,156,177,Heritage,Acer saccharum,Sugar maple,1N1E08DD  6100,3715 N BALDWIN ST,66,60,10.4,40,1998,Right Of Way,"in right-of-way, north side between N Washburne Ave and N Wabash Ave",North Portland Neighborhood Services
-122.691415,45.52689379,26,13,13,14,Heritage,Magnolia acuminata,Cucumber tree,1N1E33AC  8200,1961 NW GLISAN ST,70,65,14.3,55,1994,Portland Parks & Recreation (Couch Park),This tree is in the southeast corner of Couch Park. It is perhaps the largest Cucumber Tree in the city. It was planted around 1900 on the estate of Cicero Horatius Lewis who owned the only house ever to be built on this block (in 1879-80). The house wa*,Neighbors West/Northwest
-122.6960866,45.56129948,27,157,157,178,Heritage,Pinus pinea,Italian stone pine,1N1E21BA  8500,2856 N EMERSON CT,32,54,9.3,36,1998,Right Of Way,"no sidewalks, but in right of way from street center, south side west of N Greeley Ave",North Portland Neighborhood Services
-122.6307621,45.49213861,28,14,14,15,Heritage,Platanus occidentalis,American sycamore,1S1E12CD  11000,HOLGATE & SE 32ND AVE,70,63,14.4,55,1994,"Right Of Way, Unimproved","This tree is at the end of SE 33rd Pl, where it runs into Kenilworth Park.",Southeast Uplift Neighborhood Program
-122.6762649,45.49566504,29,158,158,179,Heritage,Quercus garryana,Oregon white oak,1S1E10CA  9400,Heritage Tree Park,90,110,15.2,58,1998,"Public, Portland Parks & Rec",This tree is in a undeveloped corner lot on the SW corner of SW Lane and SW Corbett; it is known as the Corbett Oak.,"Southwest Neighborhoods, Inc."
-122.6492572,45.46587278,30,15,15,16,Heritage,Fagus sylvatica f. purpurea,European beech,1S1E23DB  17200,1579 SE NEHALEM ST,80,97,17.3,66,1994,"Private, Front Yard","This tree is a variety of European Beech known as a Copper Beech, Fagus sylvatica f. purpurea and was planted in 1892",Southeast Uplift Neighborhood Program
-122.6175166,45.48247491,31,159,159,180,Heritage,Aesculus flava,Yellow buckeye,1S2E18CB  2100,5511 SE 44TH AVE,55,48,10.4,40,1998,Right Of Way,This tree is on the west side between SE Harold St and SE Ellis St,Southeast Uplift Neighborhood Program
-122.6246483,45.48397073,32,160,160,181,Heritage,Pinus coulteri,Coulter pine,1S1E13AD  12600,5352 SE 37TH AVE,65,40,10.4,40,1998,Right Of Way,This tree was planted by Joseph A. Manning in the 1920s.,Southeast Uplift Neighborhood Program
-122.6334452,45.49319897,33,16,16,17,Heritage,Liriodendron tulipifera,Tulip tree,1S1E12CD  6600,3104 SE GLADSTONE ST,80,66,14.1,54,1994,"Private, Front Yard",south side between SE 31st Ave and SE 32nd Ave,Southeast Uplift Neighborhood Program
-122.6548619,45.46691878,34,161,161,182,Heritage,Castanea dentata,American chestnut,1S1E23CA  12900,1108 SE LEXINGTON ST,85,70,14,53,1998,"Private, Side Yard","This is the north tree of a pair at this lot, visible from 11th Ave.",Southeast Uplift Neighborhood Program
-122.6245777,45.48423326,35,17,17,18,Heritage,Pinus radiata,Monterey pine,1S1E13AD  12700,5330 SE 37TH AVE,65,36,9,34,1994,Right of Way,This tree was planted by Joseph A. Manning in the early 1920s.,Southeast Uplift Neighborhood Program
-122.654858,45.46697216,36,162,162,183,Heritage,Castanea dentata,American chestnut,1S1E23CA  12900,1108 SE LEXINGTON ST,85,80,17.5,67,1998,"Private, Side Yard","This is the south tree of a pair at this lot, visible from 11th Ave.",Southeast Uplift Neighborhood Program
-122.6859828,45.55852428,37,18,18,19,Heritage,Quercus garryana,Oregon white oak,1N1E21AD  2900,1815 N HUMBOLDT ST,80,109,21.3,81,1994,"Private, Front Yard","This tree is on the north side of the lot, between N Denver Ave and N Concord Ave.",North Portland Neighborhood Services
-122.6480195,45.50548591,38,163,163,184,Heritage,Umbellularia californica,Oregon myrtle,1S1E02DC  11700,2408 SE 16TH AVE,45,73,19.4,74,1998,"Private, Rear Yard, Corner Lot",This tree is adjacent to the intersection of SE Hickory St. and SE Tamarack Ave.,Southeast Uplift Neighborhood Program
-122.6272983,45.47945864,39,19,19,20,Heritage,Quercus velutina,Black oak,1S1E13    100,3203 SE WOODSTOCK BLVD,70,115,17.3,66,1994,Private (Reed Campus),"This tree is on the Reed College Campus, adjacent to the sidewalk, across the street from 3436 SE Woodstock Blvd.",Southeast Uplift Neighborhood Program
-122.6063566,45.51470774,40,164,164,185,Heritage,Calocedrus decurrens,Incense cedar,1S2E06AC  12900,1144 SE 55TH AVE,85,40,12.8,49,1998,"Private, Side Yard","This tree is on the east side of the lot, between SE Taylor St and SE Salmon.",Southeast Uplift Neighborhood Program
-122.6535421,45.47134818,41,20,20,21,Heritage,Quercus garryana,Oregon white oak,1S1E23BD  1600,1224 SE SELLWOOD BLVD,65,78,16.1,61,1994,"Private, Front Yard",This tree is on the south side of the lot between SW 11th Ave and SW 13th Ave.,Southeast Uplift Neighborhood Program
-122.6176531,45.48210771,42,165,165,186,Heritage,Carpinus caroliniana,American hornbeam,1S2E18CB  1900,4327 SE ELLIS ST,25,44,7.2,28,1998,Right Of Way,"city right of way, north side between SE 43rd Ave and SE 44th Ave",Southeast Uplift Neighborhood Program
-122.659165,45.46907328,43,21,21,22,Heritage,Betula nigra,River birch,1S1E23    300,7951 SE 7TH AVE,50,84,10.3,39,1994,Portland Parks & Recreation,"This tree is located in Sellwood Park, adjacent to the entrance gate at Malden & 7th Ave.",Southeast Uplift Neighborhood Program
-122.6291617,45.48029686,44,166,166,187,Heritage,Ginkgo biloba,Ginkgo,1S1E13    100,3203 SE WOODSTOCK BLVD,40,60,9.4,36,1998,Private (Reed Campus),"This one of a pair of female Heritage Ginkos, 100 yards from Woodstock Blvd on the Reed campus main driveway.",Southeast Uplift Neighborhood Program
-122.657459,45.46655878,45,22,22,23,Heritage,Quercus garryana,Oregon white oak,1S1E23CB  7100,825 SE MILLER ST,80,75,15.3,58,1994,"Private, Front Yard","This tree is on the north side of the lot, between SE 7th Ave and SE 9th Ave.",Southeast Uplift Neighborhood Program
-122.6291594,45.48041694,46,167,167,188,Heritage,Ginkgo biloba,Ginkgo,1S1E13    100,3203 SE WOODSTOCK BLVD,45,54,10.4,40,1998,Private (Reed Campus),"This one of a pair of female Heritage Ginkos, 100 yards from Woodstock Blvd on the Reed campus main driveway.",Southeast Uplift Neighborhood Program
-122.6412137,45.54324128,47,23,23,24,Heritage,Catalpa speciosa,Northern catalpa,1N1E26AD  15100,2827 NE 24TH AVE,76,45,12.04,46,1994,Right Of Way,This tree is one of a pair of Heritage Catalpas at this address.,Northeast Coalition of Neighbors
-122.7104294,45.53292442,48,168,168,189,Heritage,Sciadopitys verticillata,Umbrella pine,1N1E32AB  2400,2870 NW CORNELL RD,30,16,5.4,21,1998,"Private, Front Yard","This is one of a pair of Heritage Umbrella Pines at this address, planted around 1920.",Neighbors West/Northwest
-122.6412064,45.54316581,49,24,24,25,Heritage,Catalpa speciosa,Northern catalpa,1N1E26AD  15100,2827 NE 24TH AVE,85,50,12.56,48,1994,Right Of Way,This tree is one of a pair of Heritage Catalpas at this address.,Northeast Coalition of Neighbors
-122.710402,45.53295359,50,169,169,190,Heritage,Sciadopitys verticillata,Umbrella pine,1N1E32AB  2400,2870 NW CORNELL RD,32,19,5.15,20,1998,"Private, Front Yard","This is one of a pair of Heritage Umbrella Pines at this address, planted around 1920.",Neighbors West/Northwest
-122.6753848,45.55382427,51,25,25,26,Heritage,Ulmus minor var. vulgaris,English elm,1N1E22CA  7000,4124 N MISSISSIPPI AVE,60,71,16.4,63,1994,"Private, Front Yard",east side between N Mason St and N Skidmore St,Northeast Coalition of Neighbors
-122.6342376,45.47540377,52,170,170,191,Heritage,Quercus palustris,Pin oak,1S1E24BA  4400,2825 SE TOLMAN ST,60,75,12,46,1998,"Private, Front Yard",north side between SE 28th Ave and SE 29th Ave,Southeast Uplift Neighborhood Program
-122.7254743,45.57467033,53,26,26,27,Heritage,Quercus garryana,Oregon white oak,1N1E18A   100,5000 N WILLAMETTE BLVD,50,90,13.8,53,1994,"Private, University of Portl","This tree is on the University of Portland campus; on the south side of Willamette, between N Haven & N Hodge.",North Portland Neighborhood Services
-122.6203808,45.51975995,54,171,171,192,Heritage,Zelkova serrata,Zelkova,1N1E36DD  10300,4066 SE OAK ST,60,69,12.9,49,1998,"Private, Rear Yard",This tree is best viewed from SE Oak Ct.,Southeast Uplift Neighborhood Program
-122.6406206,45.50707771,55,27,27,30,Heritage,Ulmus minor `Variegata',Tartan elm,1S1E01CC  13800,2120 SE 24TH AVE,70,72,12.7,49,1994,Right Of Way,This may be the only Tartan Elm in Portland and can be found along SE Grant St. at this address.,Southeast Uplift Neighborhood Program
-122.6173855,45.51320127,56,172,172,193,Heritage,Fagus sylvatica,European beech,1S2E06BC  17300,4343 SE MADISON ST,70,90,19.4,74,1998,"Private, Rear Yard",This tree is only partially visible from the street.,Southeast Uplift Neighborhood Program
-122.5840862,45.4791252,57,28,28,31,Heritage,Juglans nigra,Black walnut,1S2E17DD  20800,7703 SE MARTINS ST,90,90,13.2,50,1994,Right Of Way (SE 77th),This tree is along SE 77th Ave.,Southeast Uplift Neighborhood Program
-122.6143168,45.48386174,58,173,173,194,Heritage,Carya illinoinensis,Pecan,1S2E18BD  8700,SE STEELE & 47TH,45,54,6.4,24,1998,Portland Parks & Recreation,"This tree is in Woodstock Park, on the west side, along SE 47th Ave.",Southeast Uplift Neighborhood Program
-122.6143212,45.48399858,59,174,174,195,Heritage,Carya illinoinensis,Pecan,1S2E18BD  8700,SE STEELE & 47TH,37,58,5.7,22,1998,Portland Parks & Recreation,"This tree is in Woodstock Park, on the west side, along SE 47th Ave.",Southeast Uplift Neighborhood Program
-122.6489589,45.4631262,60,29,29,32,Heritage,Carya tomentosa,Mockernut hickory,1S1E23DC  7900,1609 SE UMATILLA ST,60,57,8.9,34,1994,Right Of Way,north side between SE 16th Ave and SE 17th Ave,Southeast Uplift Neighborhood Program
-122.6059892,45.47756867,61,175,175,196,Heritage,Aesculus californica,California buckeye,1S2E18DC  7000,5527 SE TOLMAN ST,18,22,4.6,18,1998,"Private, Front Yard",This tree is on the north side between SE 52nd Ave and SE 57th Ave.,Southeast Uplift Neighborhood Program
-122.6325148,45.52137127,62,30,30,33,Heritage,Carya laciniosa,Shellbark hickory,1N1E36CD  17100,143 SE 32ND AVE,87,64,7.46,28,1994,"Private, Rear Yard","This tree is in the rear yard of the address, but the top can be seen from the street.",Southeast Uplift Neighborhood Program
-122.6325133,45.52143964,63,31,31,34,Heritage,Carya laciniosa,Shellbark hickory,1N1E36CD  17100,143 SE 32ND AVE,87,60,7.1,27,1994,"Private, Rear Yard","This tree is in the rear yard of the address, but the top can be seen from the street.",Southeast Uplift Neighborhood Program
-122.6061705,45.47778361,64,176,176,197,Heritage,Pinus monophylla,Single-needle pinyon,1S2E18DC  7000,5527 SE TOLMAN ST,20,18,3.7,14,1998,"Private, Front Yard",This tree is set back from the street and not very visible.,Southeast Uplift Neighborhood Program
-122.6875784,45.51902348,65,32,32,35,Heritage,Juglands nigra,Black walnut,1S1E04AB  100,1600 SW SALMON ST,85,75,13.8,53,1994,Portland Public Schools,"This tree is at Lincoln High School, on the corner of SW Salmon and SW 14th Ave.  The tree was planted in the late 19th century on the Jacob Kamm estate, 13 acres bordered by SW Salmon, SW Jefferson, SW 14th and SW 18th. The Kamm house was moved in 1950*",Neighbors West/Northwest
-122.6997484,45.52554894,66,33,33,36,Heritage,Ulmus minor var. vulgaris,English elm,1N1E33CB  3900,2363 NW FLANDERS ST,80,54,14.1,54,1994,Right Of Way,This tree was planted in the late 19th century. It was the only elm left standing on the north side of that block on Flanders after the Columbus Day storm of 1962.,Neighbors West/Northwest
-122.7490651,45.58211556,67,177,177,198,Heritage,Quercus garryana,Oregon white oak,1N1W12DA  4000,7654 N CRAWFORD ST,90,102,15.25,58,1998,"Private, Rear Yard, School",This is the northernmost tree in a row of three Heritage White Oaks. It is on the south side between N Polk Ave and N Pierce Ave.,North Portland Neighborhood Services
-122.6799221,45.50260545,68,34,34,37,Heritage,Magnolia grandiflora,Southern magnolia,1S1E10BB  6900,212 WI/ SW MEADE ST,40,46,10.2,39,1994,"Private, Rear Yard",This tree is adjacent to SW 2nd Ave at the rear of the lot.,"Southwest Neighborhoods, Inc."
-122.7489067,45.58215483,69,178,178,199,Heritage,Quercus garryana,Oregon white oak,1N1W12DA  4000,7654 N CRAWFORD ST,90,121,14.25,54,1998,"Private, Rear Yard, School",This is the center tree in a row of three Heritage White Oaks. It is on the south side between N Polk Ave and N Pierce Ave.,North Portland Neighborhood Services
-122.7487074,45.58212065,70,179,179,200,Heritage,Quercus garryana,Oregon white oak,1N1W12DA  4000,7654 N CRAWFORD ST,96,93,13,50,1998,"Private, Rear Yard, School",This is the southernmost tree in a row of three Heritage White Oaks. It is on the south side between N Polk Ave and N Pierce Ave.,North Portland Neighborhood Services
-122.6213309,45.48294349,71,35,35,38,Heritage,Liriodendron tulipifera,Tulip tree,1S1E13AD  16700,5450 SE 40TH AVE,90,81,19.6,75,1995,"Private, Side Yard",east side between SE Insley St and SE Harold St,Southeast Uplift Neighborhood Program
-122.6980837,45.56625977,72,180,180,201,Heritage,Calocedrus decurrens,Incense cedar,1N1E16CC  600,3022 N AINSWORTH ST,98,24,12.56,48,1998,"Private, Front Yard",south side between N Curtis Ave and N Villard Ave,North Portland Neighborhood Services
-122.6920003,45.56631136,73,181,181,202,Heritage,Pinus engelmannii,Apache pine,1N1E16DC  9300,5936 N DELAWARE AVE,43,52,8.6,33,1998,Right Of Way,This tree is found along N. Ainsworth St.,North Portland Neighborhood Services
-122.6505456,45.51462389,74,36,36,39,Heritage,Catalpa speciosa,Northern catalpa,1S1E02AC  3700,1126 SE 15TH AVE,80,55,13.2,50,1995,Right Of Way,east side between SE Taylor St and SE Salmon St,Southeast Uplift Neighborhood Program
-122.641478,45.55080718,75,182,182,203,Heritage,Cercis siliquastrum,Judas tree,1N1E23DD  20100,2336 NE RIDGEWOOD DR,35,48,13.2,50,1998,"Private, Front Yard",south side between NE 23rd Ave and NE 24th Ave,Northeast Coalition of Neighbors
-122.6439764,45.51000729,76,37,37,40,Heritage,Platanus x acerifolia,London planetree,1S1E02DA  8600,1816 SE 21ST AVE,60,84,17.7,68,1995,"Private, Front Yard",east side between SE Market St and SE Stephens St,Southeast Uplift Neighborhood Program
-122.6564846,45.49371575,77,183,183,204,Heritage,Malus x domestica,Gravenstein apple,1S1E11CC  200,4017 SE 9TH AVE,65,68,11.8,45,1999,Right Of Way (Center St),This tree is a Gravenstein Apple in the upaved part of SE Center St. It is possibly the last remaining tree of an extensive apple orchard planted by Gideon Tibbetts who came to Oregon in 1847 and died in 1887.,Southeast Uplift Neighborhood Program
-122.6298995,45.50056356,78,38,38,41,Heritage,Aesculus flava,Yellow buckeye,1S1E12AC  13200,3387 SE TIBBETTS ST,55,38,9.3,36,1995,Right Of Way,This tree is on the north side between SE 33rd Ave and SE 35th Ave.,Southeast Uplift Neighborhood Program
-122.6099928,45.50952169,79,184,184,205,Heritage,Ginkgo biloba,Ginkgo,1S2E06DB  22000,1836 SE 51ST AVE,70,42,5.5,21,1999,Right Of Way,Female,Southeast Uplift Neighborhood Program
-122.6925514,45.5581832,80,39,39,43,Heritage,Arbutus menziesii,Madrone,1N1E21AC  6100,Madrona Prk/ N Greeley /N Going,60,60,10.3,39,1995,"Right Of Way, PP&R","This tree is on the east edge of the park, by a paved trail, adjacent to the side yard of 2454 N Humboldt St",North Portland Neighborhood Services
-122.6289972,45.50009353,81,185,185,206,Heritage,Prunus avium,Royal Ann cherry,1S1E12AC  15300,3415 SE KELLY ST,60,64,15.5,59,1999,"Private, Rear Yard",Mary Rutt Kathryn Ellwood bought the lot to perserve the Tree,Southeast Uplift Neighborhood Program
-122.7039714,45.57409098,82,40,40,44,Heritage,Betula pendula x B pubescens,Birch hybrid,1N1E17AA  6500,7025 N SEWARD AVE,35,75,11.2,43,1995,"Private, Front Yard","This tree is a hybrid with downy birch, such that it is: Betula pendula x B pubescens",North Portland Neighborhood Services
-122.5975045,45.51723511,83,186,186,207,Heritage,Styphnolobium japonica,Japanese pagoda tree,1S2E05BB  8300,6436 SE MORRISON ST,45,47,7.7,29,1999,"Private, Side Yard","On April 12, 1973, a four-inch Sophora japonica seedling was given to Elaine Cogan (then the Chair of the Portland Development Commission) by Pat Nixon at the White House in recognition of the outstanding design of Pettygrove Park. According to Mrs Nixo*",Southeast Uplift Neighborhood Program
-122.705184,45.52914967,84,41,41,45,Heritage,Quercus rubra,Northern red oak,1N1E32AD  3000,2642 NW LOVEJOY ST,90,97,13.7,52,1995,"Private, Rear Yard",This tree is visible from NW Marcia.,Neighbors West/Northwest
-122.6024267,45.51302698,85,187,187,208,Heritage,Fagus sylvatica,European beech,1S2E06AD  4800,5925 SE MADISON ST,130,54,10.9,42,1999,"Private, Front Yard",Pair of two Both Strikingly healthy and huge,Southeast Uplift Neighborhood Program
-122.6022963,45.51303772,86,188,188,209,Heritage,Cedrus deodara,Deodar cedar,1S2E06AD  4800,5925 SE MADISON ST,140,66,14,53,1999,"Private, Front Yard",Pair of two Both Strikingly healthy and huge,Southeast Uplift Neighborhood Program
-122.6994645,45.52544495,87,42,42,46,Heritage,Ulmus x holllandica,Dutch elm,1N1E33CB  3200 A1,2330 NW FLANDERS ST,80,75,15.1,58,1995,Right Of Way,"This tree was planted in the late 19th century. It was condemned to be cut down by the Portland City Council in 1963, but a devoted group of tree lovers saved its life.",Neighbors West/Northwest
-122.6484742,45.52109991,88,189,189,210,Heritage,Ulmus glabra,Wych elm,1N1E35DC  12000,222 SE 17TH AVE,100,60,14.9,57,1999,Right Of Way,Big 13',Southeast Uplift Neighborhood Program
-122.6601818,45.50103375,89,43,43,47,Heritage,Ulmus glabra `Camperdownii',Camperdown elm,1S1E11BC  7300,3040 SE MCLOUGHLIN BLVD,25,39,8.5,32,1995,"Private, Side Yard",This tree is only partially visible from the sidewalk along SE Mcloughlin Blvd.,Southeast Uplift Neighborhood Program
-122.5038494,45.49578193,90,190,190,211,Heritage,Prunus avium,Cherry,1S2E12DB  9600,15512 SE POWELL BLVD,50,50,0,0,1999,"Private, Rear Yard","A horticultural experiment with the 1905 Waterhouse Variety Bigger then the house, and healthy",East Portland Neighborhood Office
-122.6592491,45.46942077,91,44,44,48,Heritage,Nyssa sylvatica,Tupelo,1S1E23    300,7951 SE 7TH AVE,75,60,8.9,34,1995,"Portland Parks & Recreation, (Sellwood Park)",This tree is just south of the entrance to the park at SE Malden St and SE 7th Ave.,Southeast Uplift Neighborhood Program
-122.6400402,45.54091515,92,191,191,212,Heritage,Platanus occidentalis,American sycamore,1N1E25CB  3500,2524 NE 25TH AVE,73,85,12.9,49,1999,Right Of Way,Big 13',Northeast Coalition of Neighbors
-122.6546441,45.50708298,93,45,45,49,Heritage,Tilia platyphyllos,Bigleaf linden,1S1E02CD  13700,2204 SE 11TH AVE,50,48,12.8,49,1995,Right Of Way,east side between SE Grant St and SE Sherman St,Southeast Uplift Neighborhood Program
-122.6474748,45.54756379,94,192,192,213,Heritage,Prunus pendula,Weeping cherry,1N1E26AB  2400,3403 NE 18TH AVE,25,35,9.2,35,1999,"Private, Rear Yard",This tree is perhaps 80 years old.,Northeast Coalition of Neighbors
-122.6927113,45.52695859,95,46,46,51,Heritage,Paulownia tomentosa,Empress tree,1N1E33BD  6400,2033 NW GLISAN ST,60,51,17.5,67,1995,"Public, School District 1","This tree is in the school yard, to the south of NW 20th in Couch Park.",Neighbors West/Northwest
-122.611271,45.52574336,96,193,193,214,Heritage,Liquidambar styraciflua,American sweetgum,1N2E31CA  2300,5104 NE FLANDERS ST,96,85,10.92,42,1999,Right Of Way,,Southeast Uplift Neighborhood Program
-122.7107434,45.46842263,97,47,47,52,Heritage,Cryptomeria japonica,Cryptomeria,1S1E20DB  5600,7688 SW CAPITOL HWY,60,24,5.5,21,1995,"Portland Parks & Recreation, (Multnomah Comm. Center)","This tree is located at the Multnomah Arts Center, in a planter in the west parking lot, between Capitol Hwy and the lot.","Southwest Neighborhoods, Inc."
-122.6930496,45.4819587,98,194,194,216,Heritage,Quercus garryana,Oregon white oak,1S1E16CA  500,5739 SW CHELTENHAM DR,102,100,17.1,65,1999,"Private, Rear Yard",This is a fabulous strong limbed tree.,"Southwest Neighborhoods, Inc."
-122.6991081,45.51134681,99,48,48,53,Heritage,Fraxinus latifolia,Oregon ash,1S1E04CB  1800,2038 SW MYRTLE,50,81,10,38,1995,"City of Portland (Right of Way), SE 21st",This tree is located along SW 21st Ave.,"Southwest Neighborhoods, Inc."
-122.6705226,45.52164729,100,195,195,217,Heritage,Prunus x yedoensis,Yoshino cherry,1N1E34DC  1400,65 SW FRONT AVE,15,27,7.8,30,1999,Right Of Way,55SW ash and Natio parkway Bill Naito's Favorite Tree First Gift from Sapporo,Neighbors West/Northwest
-122.6857905,45.51144544,101,49,49,54,Heritage,Fagus sylvatica f. purpurea,European beech,1S1E04DA  6800,1875 SW PARK AVE,80,82,18.25,70,1995,"Public, PSU Campus","This tree is a variety of European Beech known as a Copper Beech, Fagus sylvatica f. purpurea.  This tree is at the main entrance to PSU's Millar Library and was planted in the 1890s.",Neighbors West/Northwest
-122.6951445,45.51797138,102,196,196,218,Heritage,Platanus x acerifolia,London planetree,1S1E04BA9 70000,2024 SW HOWARDS WAY,70,50,9.7,37,1999,"Private, Front Yard",This tree is in a courtyard adjacent to the street.,Neighbors West/Northwest
-122.6494972,45.54157879,103,50,50,55,Heritage,Liquidambar styraciflua,American sweetgum,1N1E26AC  17200,2617 NE 16TH AVE,90,58,11,42,1995,Right Of Way,This is the south tree in a pair of Heritage Sweetgums at this location.,Northeast Coalition of Neighbors
-122.6807529,45.51534134,104,197,197,219,Heritage,Ulmus x hollandica,Dutch elm,1S1E03BC  800,1225 SW 6TH AVE,105,90,13.5,52,1999,Right Of Way,12' 6',Neighbors West/Northwest
-122.6495009,45.54149959,105,51,51,56,Heritage,Liquidambar styraciflua,American sweetgum,1N1E26AC  17200,2617 NE 16TH AVE,90,53,11.59,44,1995,Right Of Way,This is the north tree in a pair of Heritage Sweetgums at this location.,Northeast Coalition of Neighbors
-122.6540732,45.49136011,106,52,52,57,Heritage,Cunninghamia lanceolata,China fir,1S1E11CD  14100,1104 SE MALL ST,65,27,6.3,24,1995,Right Of Way,south side between SE 11th Ave and SE 12th Ave,Southeast Uplift Neighborhood Program
-122.7058344,45.51857774,107,198,198,220,Heritage,Pinus rudis,Endlicher pine,1S1E05    100,2403 SW JEFFERSON ST,60,37,8.1,31,1999,Portland Parks & Recreation (Washington Park),"This tree is on Rose Garden Way, next to the southeast corner parking lot. Since this tree is large and planted on city property, it is hypothesized that Ernie Fischer, once curator of Hoyt Arboretum, collected or acquired the seed from Mexico or Englan*",Neighbors West/Northwest
-122.6346029,45.50901077,108,53,53,58,Heritage,Juglans nigra,Black walnut,1S1E01CA  10900,1942 SE 30TH AVE,60,66,13.1,50,1995,"Private, Front Yard",east side between SE Stephens St and SE Market St,Southeast Uplift Neighborhood Program
-122.6980615,45.51091866,109,199,199,221,Heritage,Sequoiadendron giganteum,Giant sequoia,1S1E04CB  2500,2234-2238 SW VISTA AVE,103,46,22,84,1999,"Private, Front Yard (adj to street)",largest to date  23' 3'',"Southwest Neighborhoods, Inc."
-122.6726765,45.52118276,110,200,200,222,Heritage,Platanus occidentalis,American sycamore,1N1E34CD  3800,230 SW 2ND AVE,58,50,7.4,28,1999,Private,"This tree is one of a row of Heritage Sycamores at the location, all adjacent to SW 2nd Ave.",Neighbors West/Northwest
-122.672711,45.52111803,111,201,201,223,Heritage,Platanus occidentalis,American sycamore,1N1E34CD  3800,230 SW 2ND AVE,58,46,7.5,29,1999,Private,"This tree is one of a row of Heritage Sycamores at the location, all adjacent to SW 2nd Ave.",Neighbors West/Northwest
-122.6727566,45.52104503,112,202,202,224,Heritage,Platanus occidentalis,American sycamore,1N1E34CD  3800,230 SW 2ND AVE,58,50,5.9,23,1999,Private,"This tree is one of a row of Heritage Sycamores at the location, all adjacent to SW 2nd Ave.",Neighbors West/Northwest
-122.6728295,45.52091016,113,203,203,225,Heritage,Platanus occidentalis,American sycamore,1N1E34CD  3800,230 SW 2ND AVE,58,50,7.3,28,1999,Private,"This tree is one of a row of Heritage Sycamores at the location, all adjacent to SW 2nd Ave.",Neighbors West/Northwest
-122.6728833,45.52081229,114,204,204,226,Heritage,Platanus occidentalis,American sycamore,1N1E34CD  3800,230 SW 2ND AVE,58,46,6.3,24,1999,Private,"This tree is one of a row of Heritage Sycamores at the location, all adjacent to SW 2nd Ave.",Neighbors West/Northwest
-122.6589131,45.46849429,115,54,54,60,Heritage,Acer rubrum,Red maple,1S1E23CB  1000,710 SE LAMBERT ST,112,63,11.3,43,1995,Right Of Way,This tree is on the 7th Ave side of this lot.,Southeast Uplift Neighborhood Program
-122.6941619,45.52779357,116,205,205,229,Heritage,Ulmus X hollandica 'Hollandica',Dutch elm,1N1E33BD  5200,704 NW 21ST AVE,97,76,12.8,49,1999,Right Of Way,"This tree is Ulmus x hollandica 'Hollandica', it can be found along NW Irving St. and is the east tree in a row of three Elms.",Neighbors West/Northwest
-122.6411238,45.51058362,117,55,55,61,Heritage,Pinus monticola,Western white pine,1S1E01CB  12500,1726 SE 24TH AVE,60,39,11.3,43,1995,"Private, Front Yard",east side between SE Market St and SE Stephens St,Southeast Uplift Neighborhood Program
-122.6945444,45.52756283,118,206,206,231,Heritage,Ulmus americana,American elm,1N1E33BD  8700,625-635 NW 21ST AVE,85,74,12.25,47,1999,Right Of Way,Grove of 3     10'   5'',Neighbors West/Northwest
-122.5954796,45.51225497,119,56,56,62,Heritage,Tilia platyphyllos,Bigleaf linden,1S2E05    100,6325 SE DIVISION ST,130,83,15.17,58,1995,"Portland Parks & Recreation, Mt Tabor","This tree is gigantic and can be found on the southeast corner of the rectangular reservoir, on the west side of Mt. Tabor Park.",Southeast Uplift Neighborhood Program
-122.5985756,45.54356735,120,207,207,233,Heritage,Cryptomeria japonica,Cryptomeria,1N2E29BC  7000,6232 NE STANTON ST,59,20,5.9,23,1999,"Private, Front Yard, Corner Lot",From Holland Bulb Industry Tall  5' 3''  Suberb,Central Northeast Neighborhoods
-122.6398283,45.50529628,121,57,57,63,Heritage,Fagus sylvatica f. purpurea,European beech,1S1E01CC  17400,2401 SE 26TH AVE,80,45,11.2,43,1995,"Private, Side Yard","This tree is a variety of European Beech known as a Copper Beech, Fagus sylvatica f. purpurea.  This tree is only partially visible from the street.",Southeast Uplift Neighborhood Program
-122.7107281,45.58751469,122,208,208,235,Heritage,Juglans cinerea,Butternut,1N1E08AC  100,9009 N FOSS AVE,54,65,11.2,43,1999,Portland Parks & Recreation (University Park Community Center),"This tree is against the main building, next to the parking lot at the Charles Jordan Community Center.",North Portland Neighborhood Services
-122.6397235,45.50528164,123,58,58,64,Heritage,Castanea sativa,Spanish chestnut,1S1E01CC  17400,2401 SE 26TH AVE,80,72,14.5,55,1995,"Private, Side Yard",west side between SE Caruthers St and SE Division St,Southeast Uplift Neighborhood Program
-122.6279762,45.52517438,124,209,209,236,Heritage,Araucaria araucana,Monkey puzzle,1N1E36DB  3500,419 NE HAZELFERN PL,70,37,8.53,33,2001,"Private, Front Yard",,Southeast Uplift Neighborhood Program
-122.6553701,45.54378399,125,59,59,66,Heritage,Quercus rubra,Northern red oak,1N1E26BD  4200,1009 NE STANTON ST,100,81,15.1,58,1995,"Private, Side Yard",north side between NE 10th Ave and NE 11th Ave,Northeast Coalition of Neighbors
-122.62697,45.52528516,126,210,210,237,Heritage,Araucaria araucana,Monkey puzzle,1N1E36DB  2000,415 NE LAURELHURST PL,75,36,9.4,36,2001,"Private, Front Yard",,Southeast Uplift Neighborhood Program
-122.6228379,45.52431759,127,60,60,67,Heritage,Pinus densiflora,Japanese red pine,1N1E36DA  5600,110 NE 39TH AVE,34,39,8.1,31,1995,Right Of Way,"This tree is one of a pair of Heritage Pines at this location, and is found along 39th Ave.",Southeast Uplift Neighborhood Program
-122.6853947,45.5511692,128,211,211,238,Heritage,Quercus coccinea,Scarlet oak,1N1E21DD  3900,3922 N OVERLOOK BLVD,100,111,12.6,48,2001,"Private, Front Yard",,North Portland Neighborhood Services
-122.6229099,45.52436302,129,61,61,68,Heritage,Pinus densiflora,Japanese red pine,1N1E36DA  5600,110 NE 39TH AVE,42,36,11.25,43,1995,Right Of Way,"This tree is one of a pair of Heritage Pines at this location, and is found along NE Couch St.",Southeast Uplift Neighborhood Program
-122.6816268,45.55331692,130,212,212,239,Heritage,Pinus sabiniana,Gray (Digger) pine,1N1E22CB  11600,4074 N MASSACHUSETTS AVE,51,60,11,42,2001,Right of Way,This tree is on N Mason St.,North Portland Neighborhood Services
-122.630788,45.52809711,131,62,62,69,Heritage,Ulmus americana,American elm,1N1E36AC  16300,710 NE 32ND AVE,90,93,15.2,58,1995,Right Of Way,east side between NE Irving St and NE Oregon St,Southeast Uplift Neighborhood Program
-122.6299752,45.53648971,132,213,213,240,Heritage,Ulmus glaevis,European white elm,1N1E25DC  7000,3331 NE HANCOCK ST,103,98,15.42,59,2002,Right Of Way,,Central Northeast Neighborhoods
-122.6778813,45.55286352,133,63,63,70,Heritage,Salix babylonica,Weeping willow,1N1E22CB  2300,4045 N MISSOURI AVE,60,54,13.9,53,1995,"Private, Side Yard",west side between N Shaver St and N Mason St,Northeast Coalition of Neighbors
-122.6259754,45.51775284,134,214,214,241,Heritage,Acer palmatum,Japanese maple,1S1E01AB  3300,3652 SE ALDER ST,31,50,8.792,34,2002,"Private, Front Yard, Corner",,Southeast Uplift Neighborhood Program
-122.7490359,45.59312894,135,64,64,71,Heritage,Quercus garryana,Oregon white oak,1N1W01DC  15700,9107 N RICHMOND AVE,110,95,16.5,63,1995,"Private, Rear Yard","This tree is on west side of the lot, between N Hudson St and N Smith St.",North Portland Neighborhood Services
-122.6568973,45.4680331,136,215,215,242,Heritage,Juglans regia,English walnut,1S1E23CB  2100,907 SE BIDWELL ST,60,70,12,46,2003,Right Of Way,This tree is on SE 9th Ave.,Southeast Uplift Neighborhood Program
-122.706025,45.52782786,137,65,65,73,Heritage,Ginkgo biloba,Ginkgo,1N1E32AD  8500,662 NW MELINDA AVE,40,54,6.5,25,1995,"Private, Front Yard",This tree is a male Ginko.,Neighbors West/Northwest
-122.708326,45.5786274,138,216,216,243,Heritage,Quercus phellos,Willow oak,1N1E08DC  100,7701 N CHAUTAUQUA BLVD,40,35,5.3,20,2003,Portland Parks & Recreation (Columbia Park),"This tree is located about 100ft from the intersection of N Russet St and N Chautauqua Blvd, inside Columbia Park.",North Portland Neighborhood Services
-122.6271341,45.46238444,139,66,66,74,Heritage,Castanea sativa,Spanish chestnut,1S1E24DC  5201,3436 SE JOHNSON CREEK BLVD,80,60,14.6,56,1995,Private (Public Easement?),south side between SW 33rd Ave and SW 36th Ave,Southeast Uplift Neighborhood Program
-122.7037926,45.52179598,140,217,217,244,Heritage,Quercus phellos,Willow oak,1N1E32    100,240 SW WRIGHT AVE,75,80,8.1,31,2003,Portland Parks & Recreation (Washington Park),This tree is southwest of a the brick restroom building visible from the intersection of SW Park Pl and SW Wright.,Neighbors West/Northwest
-122.707409,45.48942941,141,67,67,75,Heritage,Quercus garryana,Oregon white oak,1S1E17AA  6000,4620 SW 29TH PL,95,105,16.9,65,1996,"Private, Front Yard","This tree is on the east side of the lot, north of SW Sunset Blvd.","Southwest Neighborhoods, Inc."
-122.7156297,45.46555675,142,218,218,245,Heritage,Pinus ponderosa,Ponderosa pine,1S1E20CA  6600,8143 SW 37TH AVE,70,55,11.9,45,2003,"Private, Front Yard",,"Southwest Neighborhoods, Inc."
-122.7189378,45.58268059,143,68,68,76,Heritage,Cornus nuttallii,Pacific dogwood,1N1E08CB  900,5009 N GIRARD ST,30,33,8.3,32,1996,City of Portland (Right of Way),north side between N Courtney Ave and N Haven Av,North Portland Neighborhood Services
-122.7009473,45.50738598,144,219,219,246,Heritage,Metasequoia glyptostroboides,Dawn redwood,1S1E04CC  2600,2562 SW HILLCREST DR,55,29,9.2,35,2003,"Private, Rear Yard",This tree is visible from Ravenswood Dr.,"Southwest Neighborhoods, Inc."
-122.7190607,45.58234617,145,69,69,77,Heritage,Cornus nuttallii,Pacific dogwood,1N1E08CB  14100,7817 N HAVEN AVE,30,36,7.5,29,1996,City of Portland (Right of Way),"This tree is around the corner on this lot, on Girard.",North Portland Neighborhood Services
-122.6172891,45.56592658,146,70,70,78,Heritage,Juglans regia,English walnut,1N2E18CC  2200,5941 NE 45TH AVE,50,68,12.4,47,1996,"Private, Side Yard",This tree is not visible from the street.,Central Northeast Neighborhoods
-122.7153418,45.58552304,147,220,220,247,Heritage,Quercus garryana,Oregon white oak,1N1E08BD  3001,8705 N NEWMAN AVE,60,54,15.6,60,2003,Right Of Way,This tree is located in the center of the unimproved right of way for N Newman.,North Portland Neighborhood Services
-122.6403834,45.55154327,148,71,71,79,Heritage,Quercus chrysolepis,Canyon live oak,1N1E24CC  3700,2425 NE ALAMEDA ST,60,95,11.1,42,1996,"Private, Side Yard",This tree was brought from California on a flat-bed truck in the 1920s and planted by Thomas Autzen at his house.,Northeast Coalition of Neighbors
-122.6968691,45.56984633,149,221,221,248,Heritage,Umbellularia californica,Oregon myrtle,1N1E16CA  7700,2904 N PORTLAND BLVD,55,46,10.6,40,2003,Right Of Way,,North Portland Neighborhood Services
-122.6513126,45.54208746,150,72,72,80,Heritage,Pterocarya fraxinifolia,Caucasian wingnut,1N1E26AC  6900,2737 NE 15TH AVE,35,45,5.2,20,1996,Right Of Way,"This is one of a line 5 Heritage Wingnuts in front of the Church, along NE Knott St. They are numbered starting at NE 14th Ave, #80 being at 14th and #84 being at 15th.",Northeast Coalition of Neighbors
-122.6503918,45.55641837,151,222,222,249,Heritage,Aesculus hippocastanum,Common horsechestnut,1N1E23AC  10900,1465 NE GOING ST,76,65,13.5,52,2003,Right Of Way,,Northeast Coalition of Neighbors
-122.651146,45.54209498,152,73,73,81,Heritage,Pterocarya fraxinifolia,Caucasian wingnut,1N1E26AC  6900,2737 NE 15TH AVE,35,45,5.2,20,1996,Right Of Way,"This is one of a line 5 Heritage Wingnuts in front of the Church, along NE Knott St. They are numbered starting at NE 14th Ave, #80 being at 14th and #84 being at 15th.",Northeast Coalition of Neighbors
-122.6509426,45.54208919,153,74,74,82,Heritage,Pterocarya fraxinifolia,Caucasian wingnut,1N1E26AC  6900,2737 NE 15TH AVE,35,45,5.2,20,1996,Right Of Way,"This is one of a line 5 Heritage Wingnuts in front of the Church, along NE Knott St. They are numbered starting at NE 14th Ave, #80 being at 14th and #84 being at 15th.",Northeast Coalition of Neighbors
-122.7061181,45.58446021,154,223,223,250,Heritage,Quercus garryana,Oregon white oak,1N1E08AD  12700,8516 N FOWLER CT,84,66,13.2,50,2003,Right Of Way,This tree is in the center of a public alley at the rear of this property.,North Portland Neighborhood Services
-122.6507576,45.54209019,155,75,75,83,Heritage,Pterocarya fraxinifolia,Caucasian wingnut,1N1E26AC  6900,2737 NE 15TH AVE,35,45,6.28,24,1996,Right Of Way,"This is one of a line 5 Heritage Wingnuts in front of the Church, along NE Knott St. They are numbered starting at NE 14th Ave, #80 being at 14th and #84 being at 15th.",Northeast Coalition of Neighbors
-122.6502336,45.54208144,156,76,76,84,Heritage,Pterocarya fraxinifolia,Caucasian wingnut,1N1E26AC  6900,2737 NE 15TH AVE,35,48,6.15,23,1996,Right Of Way,"This is one of a line 5 Heritage Wingnuts in front of the Church, along NE Knott St. They are numbered starting at NE 14th Ave, #80 being at 14th and #84 being at 15th.",Northeast Coalition of Neighbors
-122.6544313,45.49905707,157,224,224,251,Heritage,Taxus baccata,English yew,1S1E11BD  13200,3345 SE MILWAUKIE AVE,65,45,9,34,2003,"Private, Front Yard",,Southeast Uplift Neighborhood Program
-122.6500519,45.54208898,158,77,77,85,Heritage,Pterocarya fraxinifolia,Caucasian wingnut,1N1E26AC  19000,1408 NE KNOTT ST,55,57,6.67,25,1996,Right Of Way,"This is one of a line 4 Heritage Wingnuts across the street from the Church, along NE Knott St. They are numbered starting at NE 14th Ave, #85 being at 14th and #88 being at 15th.",Northeast Coalition of Neighbors
-122.6956674,45.57147216,159,225,225,252,Heritage,Acer macrophyllum,Bigleaf maple,1N1E16BD  10100,6733 N GREELEY AVE,70,70,22.5,86,2003,Right Of Way,This may be the tree that was removed from list in 2000 because owner refused nomination,North Portland Neighborhood Services
-122.6497778,45.54208201,160,78,78,86,Heritage,Pterocarya fraxinifolia,Caucasian wingnut,1N1E26AC  19000,1408 NE KNOTT ST,50,45,6.02,23,1996,Right Of Way,"This is one of a line 4 Heritage Wingnuts across the street from the Church, along NE Knott St. They are numbered starting at NE 14th Ave, #85 being at 14th and #88 being at 15th.",Northeast Coalition of Neighbors
-122.6496099,45.54208722,161,79,79,87,Heritage,Pterocarya fraxinifolia,Caucasian wingnut,1N1E26AC  19000,1408 NE KNOTT ST,50,45,5.2,20,1996,Right Of Way,"This is one of a line 4 Heritage Wingnuts across the street from the Church, along NE Knott St. They are numbered starting at NE 14th Ave, #85 being at 14th and #88 being at 15th.",Northeast Coalition of Neighbors
-122.6492521,45.54067677,162,226,226,253,Heritage,Metasequoia glyptostroboides,Dawn redwood,1N1E26DB  1000,1617 NE BRAZEE ST,75,33,8.9,34,2003,"Private, Front Yard",,Northeast Coalition of Neighbors
-122.6492301,45.54207912,163,80,80,88,Heritage,Pterocarya fraxinifolia,Caucasian wingnut,1N1E26AC  19000,1408 NE KNOTT ST,41,45,5.2,20,1996,Right Of Way,"This is one of a line 4 Heritage Wingnuts across the street from the Church, along NE Knott St. They are numbered starting at NE 14th Ave, #85 being at 14th and #88 being at 15th.",Northeast Coalition of Neighbors
-122.6458672,45.5375968,164,81,81,89,Heritage,Quercus prinus,Chestnut oak,1N1E26DA  15800,1927 NE TILLAMOOK ST,90,99,12.82,49,1996,"Private, Front Yard",This tree was planted as a seedling in 1904.,Northeast Coalition of Neighbors
-122.7031556,45.57746601,165,227,227,254,Heritage,Metasequoia glyptostroboides,Dawn redwood,1N1E08DD  9200,3515 N/ N LOMBARD ST,70,25,8.5,32,2003,"Private, Rear Yard","This tree is partially visible N Lombard St and N Wabash Ave. It was planted from seed in 1948 by Ruth Hansen, a founder of the American Rhododendron Society, the Crystal Springs Rhododendron Garden, and the Oregon Native Plant Society.",North Portland Neighborhood Services
-122.6220179,45.52431264,166,82,82,90,Heritage,Populus x canadensis,Carolina poplar,1N1E36DA  5900,3945 NE COUCH ST,135,94,19.28,74,1996,Right Of Way,north side between NE 39th Ave and NE 41st Ave,Southeast Uplift Neighborhood Program
-122.7023788,45.52558398,167,228,228,255,Heritage,Abies grandis,Grand fir,1N1E33CB  6001,252 NW MAYWOOD DR*,100,25,0,0,2003,"Private, Undeveloped Lot","This tree can be seen from many spots on the west side, but it is essentially above NW 23 & Burnside.",Neighbors West/Northwest
-122.6400171,45.50593347,168,83,83,91,Heritage,Quercus coccinea,Scarlet oak,1S1E01CC  16000,2502 SE SHERMAN ST,65,75,14.7,56,1996,"Private, Rear Yard",This tree is only partially visible from the street.,Southeast Uplift Neighborhood Program
-122.6277847,45.52531622,169,229,229,256,Heritage,Fraxinus americana,American ash,1N1E36DB  3300,412 NE HAZELFERN,84,84,14.3,55,2003,Right Of Way,,Southeast Uplift Neighborhood Program
-122.652641,45.50964468,170,84,84,97,Heritage,Rhododendron ponticum,Ponticum rhododendron,1S1E02CA  7800,1905 SE LARCH AVE,15,18,4,15,1996,"Private, Front Yard",This tree is on the corner of SE Larch Ave and SE Mulberry Ave.,Southeast Uplift Neighborhood Program
-122.7184224,45.58634055,171,230,230,257,Heritage,Aesculus californica,California buckeye,1N1E08BC  15200,8827 N. HAVEN,30,48,8.8,34,2003,Right Of Way,,North Portland Neighborhood Services
-122.6954902,45.52047022,172,85,85,98,Heritage,Aesculus glabra,Ohio buckeye,1N1E33CD  5300,2160 SW MAIN ST,55,63,6.25,24,1996,Right Of Way,,Neighbors West/Northwest
-122.6470073,45.54122892,173,231,231,258,Heritage,Ulmus minor,Smoothleaf elm,1N1E26AC  14300,2546 NE 18TH AVE,105,72,14.1,54,2003,Right Of Way,,Northeast Coalition of Neighbors
-122.6555705,45.46865099,174,86,86,100,Heritage,Aesculus hippocastanum,Common horsechestnut,1S1E23BD  15300,1013 SE LAMBERT ST,65,45,12,46,1996,Right Of Way,This is the west tree in a pair at this address.  The pair is on north side between SE 9th Ave and SE 11th Ave,Southeast Uplift Neighborhood Program
-122.6875327,45.55120109,175,232,232,259,Heritage,Quercus garryana,Oregon white oak,1N1E21DC  500,south of 3969 N OVERLOOK TERR,65,75,13.8,53,2004,"Private, Undeveloped Lot",This tree is on a vacant lot to the south of this address.,North Portland Neighborhood Services
-122.6556567,45.46864789,176,87,87,101,Heritage,Aesculus hippocastanum,Common horsechestnut,1S1E23BD  15300,1013 SE LAMBERT ST,65,45,14.3,55,1996,Right Of Way,This is the east tree in a pair at this address.  The pair is on north side between SE 9th Ave and SE 11th Ave.,Southeast Uplift Neighborhood Program
-122.5117333,45.4863,177,233,233,260,Heritage,Pseudotsuga menziesii,Douglas fir,1S2E13    200,POWELL BUTTE NATURE PARK,165,65,18.8,72,2004,Portland Water Bureau,This tree is located along the Cedar Grove Trail in Powell Butte Nature Park.,East Portland Neighborhood Office
-122.739402,45.49012915,178,88,88,102,Heritage,Ulmus X hollandica 'Vegeta',American elm,1S1E18BB  200,4534 SW 60TH PL,45,90,18.6,71,1996,"Private, Front Yard",east side south of SW Hamilton St,"Southwest Neighborhoods, Inc."
-122.6495111,45.53923006,179,234,234,261,Heritage,Aesculus hippocastanum 'Baumannii',Common horsechestnut,1N1E26DB  4800,1529 NE THOMPSON,85,71,14.03,54,2004,Right Of Way,,Northeast Coalition of Neighbors
-122.6411568,45.5327013,180,89,89,103,Heritage,Liriodendron tulipifera,Tulip tree,1N1E36BB  6900,2404 NE CLACKAMAS ST,100,70,12.1,46,1996,Right Of Way,"This is the south tree in a pair of Heritage Tulip Trees at this location, they are on 24th Ave.",Northeast Coalition of Neighbors
-122.6557529,45.5573986,181,235,235,262,Heritage,Liriodendron tulipifera,Tulip tree,1N1E23BD  8100,4807 NE 10TH AVE,100,75,14.4,55,2004,"Private, Front Yard",,Northeast Coalition of Neighbors
-122.6411549,45.53259317,182,90,90,104,Heritage,Liriodendron tulipifera,Tulip tree,1N1E36BB  6900,2404 NE CLACKAMAS ST,100,74,14.5,55,1996,Right Of Way,"This is the north tree in a pair of Heritage Tulip Trees at this location, they are on 24th Ave.",Northeast Coalition of Neighbors
-122.6994743,45.43519726,183,236,236,263,Heritage,Acer saccharinum,Silver maple,1S1E33CC  903,12456 SW ORCHARD HILL RD,75,76,18.8,72,2004,"Private, Rear Yard",,"Southwest Neighborhoods, Inc."
-122.6399279,45.53148359,184,91,91,105,Heritage,Acer campestre,Hedge maple,1N1E36BB  11400,2517 NE MULTNOMAH ST,64,41,9.8,37,1996,Right Of Way,"This tree is on the north side of the lot, between NE 24th Ave and NE 26th Ave.",Northeast Coalition of Neighbors
-122.6398478,45.53148509,185,92,92,106,Heritage,Acer campestre,Hedge maple,1N1E36BB  11400,2517 NE MULTNOMAH ST,72,47,10.6,40,1996,Right Of Way,"This tree is on the north side of the lot, between NE 24th Ave and NE 26th Ave.",Northeast Coalition of Neighbors
-122.6443706,45.51569288,186,237,237,264,Heritage,Betula nigra,River birch,1S1E02AD  2100,2104/2106 SE YAMHILL,87,80,9.9,38,2004,Right Of Way,,Southeast Uplift Neighborhood Program
-122.6405857,45.55170944,187,93,93,107,Heritage,Fagus sylvatica f. purpurea,European beech,1N1E24CC  3700,2425 NE ALAMEDA ST,70,96,13.7,52,1996,"Private, Front Yard","This tree is a variety of European Beech known as a Copper Beech, Fagus sylvatica f. purpurea.",Northeast Coalition of Neighbors
-122.6216878,45.52902741,188,238,238,265,Heritage,Davidia involucrata var. vilmoriniana,Hardy dove tree,1N1E36AD  2900,4014 NE LAURELHURST,40,40,5.3,20,2004,"Private, Rear Yard","This tree is not visible from the street.  It is Davidia involucrata var. vilmorinia, a variety of the Dove Tree with hairless leaves, called a Hardy Dove Tree.",Southeast Uplift Neighborhood Program
-122.6659345,45.54306747,189,94,94,108,Heritage,Juglans nigra,Black walnut,1N1E27AD  8200,2830 WI/ N WILLIAMS AVE,77,98,15.7,60,1996,"Private, Rear Yard",This tree is fully visible from N Graham St.,Northeast Coalition of Neighbors
-122.6480573,45.54234313,190,239,239,266,Heritage,Ulmus x hollandiuca 'Hollandica',Dutch elm,1N1E26AC  11300,1719 NE KNOTT,105,70,13,50,2004,"Private, Front Yard","This tree is Ulmus x hollandica 'Hollandica', and is best visible from NE 17th St.",Northeast Coalition of Neighbors
-122.6034721,45.48470751,191,240,240,268,Heritage,Quercus garryana,Oregon white oak,1S2E18AD  14000,5813 SE STEELE ST,56,77,12.9,49,2005,Right Of Way,,Southeast Uplift Neighborhood Program
-122.6473931,45.53978015,192,241,241,269,Heritage,Platanus x acerifolia,London planetree,1N1E26DB  8600,2407 NE 18TH AVE,73,90,16.7,64,2005,Right Of Way,This is the south tree in a pair of Heritage Planetrees at this location.,Northeast Coalition of Neighbors
-122.6853908,45.51847884,193,95,95,109,Heritage,Crataegus x lavallei,Lavalle hawthorn,1S1E04AA  3400,1011 SW 12th,38,46,6.08,23,1996,Right Of Way,This tree is one of 4 Heritage Hawthornes in front of the First Unitarian Church.,Neighbors West/Northwest
-122.647392,45.53986347,194,242,242,270,Heritage,Platanus x acerifolia,London planetree,1N1E26DB  8600,2407 NE 18TH AVE,65,70,14.4,55,2005,Right Of Way,This is the north tree in a pair of Heritage Planetrees at this location.,Northeast Coalition of Neighbors
-122.6303753,45.51300255,195,243,243,271,Heritage,Carya illinoinensis,Pecan,1S1E01AC  21800,3329 SE MADISON ST,70,60,7.5,29,2005,"Private, Side Yard",,Southeast Uplift Neighborhood Program
-122.6854211,45.51842316,196,96,96,110,Heritage,Crataegus x lavallei,Lavalle hawthorn,1S1E04AA  3400,1011 SW 12th,38,46,5.7,22,1996,Right Of Way,This tree is one of 4 Heritage Hawthornes in front of the First Unitarian Church.,Neighbors West/Northwest
-122.5512876,45.48191989,197,244,244,272,Heritage,Quercus garryana,Oregon white oak,1S2E15CA  2607,5559 SE 109TH AVE,56,77,11,42,2005,Right Of Way,This tree is in an unimproved right of way adjacent to 5569 SE 109th.,East Portland Neighborhood Office
-122.6854513,45.51836055,198,97,97,111,Heritage,Crataegus x lavallei,Lavalle hawthorn,1S1E04AA  3400,1011 SW 12th,38,46,5.75,22,1996,Right Of Way,This tree is one of 4 Heritage Hawthornes in front of the First Unitarian Church.,Neighbors West/Northwest
-122.6854817,45.51830294,199,98,98,112,Heritage,Crataegus x lavallei,Lavalle hawthorn,1S1E04AA  3400,1011 SW 12th,38,46,7.25,28,1996,Right Of Way,This tree is one of 4 Heritage Hawthornes in front of the First Unitarian Church.,Neighbors West/Northwest
-122.6605583,45.54626273,200,245,245,273,Heritage,Araucaria araucana,Monkey puzzle,1N1E26BB  7000,446 NE FARGO ST,60,35,8.5,32,2005,"Private, Front Yard",,Northeast Coalition of Neighbors
-122.7046388,45.52171063,201,99,99,113,Heritage,Cedrus deodara,Deodar cedar,1N1E32    100,2403 WI/ SW JEFFERSON ST,78,73,13.5,52,1996,Right Of Way,"This tree is opposite this address, on a nib of land between SW Park Pl and Rose Garden Way.",Neighbors West/Northwest
-122.6811958,45.56145821,202,246,246,274,Heritage,Quercus rubra,Northern red oak,1N1E22BB  8800,5340 N INTERSTATE AVE,110,110,16.8,64,2005,Portland Parks & Recreation (Patton Square),This tree is on the east side of Patton Square City Park and is fully visible from N Maryland Ave.,North Portland Neighborhood Services
-122.6490892,45.46697508,203,100,100,115,Heritage,Juglans cinerea,Butternut,1S1E23DB  14400,1584 SE LEXINGTON ST,35,50,11.6,44,1996,Right Of Way (SE 16th),This the northernmost tree in a pair of Heritage Butternuts along 16th Ave.,Southeast Uplift Neighborhood Program
-122.6314761,45.47130121,204,247,247,275,Heritage,Acer platanoides,Norway maple,1S1E24BD  3800,7351 SE 31ST AVE,60,33,11.2,43,2005,Right Of Way,,Southeast Uplift Neighborhood Program
-122.6490864,45.46689893,205,101,101,116,Heritage,Juglans cinerea,Butternut,1S1E23DB  14400,1584 SE LEXINGTON ST,35,50,12.5,48,1996,Right Of Way (SE 16th),This the southernmost tree in a pair of Heritage Butternuts along 16th Ave.,Southeast Uplift Neighborhood Program
-122.7000067,45.57656074,206,248,248,276,Heritage,Sequoiadendron giganteum,Giant sequoia,1N1E16BB  2800,7404 N OATMAN AVE,114,55,29.5,113,2005,"Private, Rear Yard",This tree is partially visible from the street.,North Portland Neighborhood Services
-122.6349125,45.51475892,207,102,102,117,Heritage,Cornus nuttallii,Pacific dogwood,1S1E01BD  5300,2944 SE TAYLOR ST,40,57,13.3,51,1996,"Private, Side Yard",This tree is adjacent to SE 30th.,Southeast Uplift Neighborhood Program
-122.6968513,45.51969441,208,249,249,277,Heritage,Cedrus libani ssp. atlantica,Atlas cedar,1N1E33CD  7100,2190 SW KINGS CT,80,59,13.8,53,2005,"Private, Rear Yard",,Neighbors West/Northwest
-122.7019029,45.52835663,209,103,103,119,Heritage,Ulmus x hollandica,Dutch elm,1N1E33BC  15900,2455 NW JOHNSON ST,90,71,14.3,55,1996,Right Of Way,"This tree has a large witchesâ€™ broom, which can be caused by a virus, bacteria, or fungus.",Neighbors West/Northwest
-122.6981144,45.5134227,210,250,250,278,Heritage,Carya laciniosa,Shellbark hickory,1S1E04BC  1500,1942 SW MONTGOMERY DR,76,57,7.75,30,2005,"Private, Front Yard",,"Southwest Neighborhoods, Inc."
-122.7401491,45.48590967,211,104,104,120,Heritage,Ulmus minor,Smoothleaf elm,1S1E18BC  300,6125 SW BOUNDARY ST,92,110,15.6,60,1996,Private,This tree is at the entrance to the Robinson Jewish Health Center on SW Boundry St.,"Southwest Neighborhoods, Inc."
-122.6038436,45.48893267,212,251,251,302,Heritage,Quercus rubra,Northern red oak,1S2E18AA  17200,4706 SE 58TH AVE,85,88,12.2,47,2010,"Private, Front Yard",front yard,Southeast Uplift Neighborhood Program
-122.6576024,45.543005,213,105,105,121,Heritage,Acer pseudoplatanus,Sycamore maple,1N1E26BC  11900,2807 NE 8TH AVE,78,90,8.77,33,1997,Right Of Way,"This is the southern tree of a pair at this location; on the west side of the lot, between NE Stanton St and NE Knott.",Northeast Coalition of Neighbors
-122.5122236,45.53343508,214,252,252,279,Heritage,Pseudotsuga menziesii,Douglas fir,1N2E35AÂ Â Â 100,13931 NE GLISAN ST,145,85,16,61,2007,Private,"This tree is located along the fitness trail paralelling NE Halsey St, close to the intersection of NE Halsey and NE 146th Ave.",East Portland Neighborhood Office
-122.6576011,45.54304993,215,106,106,122,Heritage,Acer pseudoplatanus,Sycamore maple,1N1E26BC  11900,2807 NE 8TH AVE,85,90,12.3,47,1997,Right Of Way,"This is the northern tree of a pair at this location; on the west side of the lot, between NE Stanton St and NE Knott.",Northeast Coalition of Neighbors
-122.6315163,45.51125623,216,253,253,280,Heritage,Liriodendron tulipifera,Tulip tree,1S1E01CAÂ Â 1100,1602 SE 32ND PL,66,47,15.9,61,2007,Right Of Way,,Southeast Uplift Neighborhood Program
-122.6082782,45.51415274,217,107,107,124,Heritage,Liriodendron tulipifera,Tulip tree,1S2E06AC  10300,1208 SE 53RD AVE,130,84,14.25,54,1997,"Private, Front Yard",east side between SE Salmon St and SE Madison St,Southeast Uplift Neighborhood Program
-122.7153239,45.53503573,218,254,254,281,Heritage,Pinus wallichiana,Himalayan pine,1N1E29CDÂ Â 11900,3310 NW FRANKLIN CT,80,45,8.67,33,2007,"Private, Side Yard, Corner Lot",,Neighbors West/Northwest
-122.7076308,45.50358531,219,108,108,125,Heritage,Sequoiadendron giganteum,Giant sequoia,1S1E08AA  15300,2896 SW PATTON RD,115,60,25,95,1997,Right Of Way,This tree is at the entrance to the residence driveway.,"Southwest Neighborhoods, Inc."
-122.7086395,45.52794385,220,255,255,282,Heritage,Sequoia sempervirens,Coast redwood,1N1E32ACÂ Â 4400,701 NW CULPEPPER TER,112,54,13.2,50,2007,Portland Parks & Recreation (Hillside Park),This tree is to the right of the main entrance to the gymnasium.,Neighbors West/Northwest
-122.6955398,45.50897819,221,109,109,126,Heritage,Fagus sylvatica f. pendula,Weeping beech,1S1E04CA  11400,2417 SW 16TH AVE,55,70,10.6,40,1997,"Private, Side Yard","This tree is a variety of European Beech known as a Weeping Beech, Fagus sylvatica f. pendula.  The tree is fully visible from the Elm St side of the lot.","Southwest Neighborhoods, Inc."
-122.7008521,45.51115478,222,256,256,283,Heritage,Abies concolor,White fir,1S1E04CBÂ Â 5000,2156 SW LAUREL ST,87,17,5.5,21,2007,"Private, Front Yard",,"Southwest Neighborhoods, Inc."
-122.695439,45.50870556,223,110,110,127,Heritage,Ulmus americana,American elm,1S1E04CA  11400,2417 SW 16TH AVE,110,104,16.2,62,1997,"Private, Front Yard",west side between SW Elm St and SW Spring St,"Southwest Neighborhoods, Inc."
-122.6947507,45.51963517,224,111,111,128,Heritage,Cedrus libani ssp. atlantica,Atlas cedar,1N1E33CD  7900,2033 SW MADISON ST,103,82,13.5,52,1997,"Private, Rear Yard",This tree is not visible from the street.,Neighbors West/Northwest
-122.718962,45.57822655,225,257,257,284,Heritage,Quercus garryana,Oregon white oak,1N1E08CC  17100,4768 N OBERLIN ST,55,93,14.75,56,2008,"Private, Rear Yard","This tree is in a rear yard, but fully visible from N Depauw.",North Portland Neighborhood Services
-122.6890954,45.46301723,226,112,112,129,Heritage,Platanus orientalis,Oriental planetree,1S1E21DC  9500,1032 SW TAYLORS FERRY RD,66,47,8.8,34,1997,"Private, Rear Yard",This tree has poor visibility from the street.,"Southwest Neighborhoods, Inc."
-122.6360913,45.54815293,227,258,258,285,Heritage,Pinus ponderosa,Ponderosa pine,1N1E25BB  100,3437 NE 29TH AVE,120,60,14.05,54,2008,"Private, Front Yard",,Northeast Coalition of Neighbors
-122.7289838,45.49062624,228,113,113,130,Heritage,Pinus ponderosa,Ponderosa pine,1S1E18AB  100,4504 SW SHATTUCK RD,85,48,17.4,66,1997,"Private, Front Yard",This tree is at the intersection of Shattuck and Hamilton.,"Southwest Neighborhoods, Inc."
-122.6579868,45.54596954,229,259,259,286,Heritage,Ginkgo biloba,Ginkgo,1N1E26BB  12000,3145 NE 8TH AVE,75,52,9.95,38,2009,"Private, Rear Yard","This tree is not visible from the street, the best view is from Irving Park.",Northeast Coalition of Neighbors
-122.6346971,45.47867202,230,114,114,132,Heritage,Cladrastis kentukea,Yellowwood,1S1E13    200,2425 SE BYBEE BLVD,66,63,13.2,50,1997,Right Of Way,"This tree is just south of the intersection of SE 28th & Woodstock Blvd, inside a fence on Eastmoreland Golf Course.",Southeast Uplift Neighborhood Program
-122.6458137,45.50990187,231,260,260,287,Heritage,Ulmus glabra `Camperdownii',Camperdown elm,1S1E02DA  20000,1836 SE LOCUST AVE,20,36,5.6,21,2009,"Private, Front Yard",,Southeast Uplift Neighborhood Program
-122.6907491,45.51305616,232,115,115,133,Heritage,Magnolia grandiflora,Southern magnolia,1S1E04AC  6200,1410 SW HARRISON ST,48,44,7.6,29,1997,"Private, Side Yard",This tree is visible from SW 14th Ave.,Neighbors West/Northwest
-122.620128,45.49912706,233,261,261,288,Heritage,Lagerstroemia indica,Crape myrtle,1S2E07BC  11100,4201 SE Franklin St.,27,27,4.2,16,2009,"Private, Front Yard","This tree is one of a pair of Heritage Crape Myrtles at Van Veen Nursery.  It is on a raised bank behind a low stone wall.  They are both Lagerstroemia fauriei, a variety known as Japanese Crape Myrtle.  These are the first two hybrids of their kind and*",Southeast Uplift Neighborhood Program
-122.72335,45.52908333,234,116,116,134,Heritage,Pseudotsuga menziesii,Douglas fir,1N1E32AC  3800,653 NW CULPEPPER TER,242,60,18.6,71,1997,Portland Parks & Recreation (Upper Macleay Park),This tree is the largest Douglas-fir in Portland and can be found 100 yards from the stone house on the Lower Macleay spur trail along Balch Creek.,Neighbors West/Northwest
-122.6200046,45.49907294,235,262,262,289,Heritage,Lagerstroemia indica,Crape myrtle,1S2E07BC  11100,4201 SE Franklin St.,22,33,3.3,13,2009,"Private, Front Yard","This tree is one of a pair of Heritage Crape Myrtles at Van Veen Nursery.  It is on a raised bank behind a low stone wall.  They are both Lagerstroemia fauriei, a variety known as Japanese Crape Myrtle.  These are the first two hybrids of their kind and*",Southeast Uplift Neighborhood Program
-122.6488794,45.46235629,236,117,117,135,Heritage,Tilia americana,Basswood,1S1E23DC  6200,8332 SE 16TH AVE,60,38,7.3,28,1997,"Private, Front Yard",This is the east tree in a pair of Heritage Basswoods at this address.,Southeast Uplift Neighborhood Program
-122.7073911,45.4877406,237,263,263,290,Heritage,Malus x domestica,Yellow bellflower apple,,4700-4799 SW Campbell Ct,40,50,8.42,32,2009,Right Of Way,"This tree is a Yellow Bellflower Apple and is at the dead end of this street.  It is over 160 years old and has great historical significance, being an Oregon State Heritage Tree and recognized by the Home Orchard Society.","Southwest Neighborhoods, Inc."
-122.6488767,45.46228481,238,118,118,136,Heritage,Tilia americana,Basswood,1S1E23DC  6200,8332 SE 16TH AVE,60,40,7.5,29,1997,"Private, Front Yard",This is the west tree in a pair of Heritage Basswoods at this address.,Southeast Uplift Neighborhood Program
-122.6984154,45.52078068,239,119,119,137,Heritage,Magnolia x soulangiana,Saucer magnolia,1N1E33CC  5400,1041 SW VISTA AVE,36,37,6,23,1997,"Private, Front Yard",west side between W Burnside St and SW Main St,Neighbors West/Northwest
-122.6730371,45.52541254,240,264,264,291,Heritage,Osmanthus fragrans,Osmanthus,1N1E34CA  3900,239 NW Everett St.,20,25,4.7,18,2009,Private (Fee Entry),"This tree is inside the Portland Chinese Garden, adjacent to the main entrance.",Neighbors West/Northwest
-122.7066333,45.48753473,241,120,120,139,Heritage,Pinus ponderosa,Ponderosa pine,1S1E17AA  7600,4825 SW DOSCH PARK LN,125,44,11.8,45,1997,"Private, Front Yard",west side between SW Dosch Rd and SW Campbell Ct,"Southwest Neighborhoods, Inc."
-122.6357141,45.47996763,242,265,265,292,Heritage,Davidia involucrata,Dove Tree,1S1E13    200,2425 S.E. Bybee St.,40,54,5.4,21,2009,Public (Crystal Springs - Fee Entry),"This tree was planted as a seedling in 1952 and is located within the Crystal Springs Rhododendron Garden (Fee Entry).  It can be found at the south end of the Park, between the Pavillion and the Restrooms.",Southeast Uplift Neighborhood Program
-122.706692,45.48755361,243,121,121,140,Heritage,Pinus ponderosa,Ponderosa pine,1S1E17AA  7600,4825 SW DOSCH PARK LN,100,44,10.4,40,1997,"Private, Rear Yard",This tree is behind the house at this address and is not very visible.,"Southwest Neighborhoods, Inc."
-122.642746,45.51919502,244,266,266,293,Heritage,Calocedrus decurrens,Incense cedar,1S1E02    101,SE 20th & Morrison,110,12,10.5,40,2009,Public (Metro),"This tree is located inside Lone Fir Cemetery, on the north side of the Cemetery; opposite 2231 SE Stark St. This tree is distinctive for its well defined columnar form.",Southeast Uplift Neighborhood Program
-122.7072382,45.48758491,245,122,122,141,Heritage,Quercus garryana,Oregon white oak,1S1E17AA  7600,4825 SW DOSCH PARK LN,96,85,16.1,61,1997,"Private, Rear Yard","This tree is on west side of the lot, between SW Dosch Rd and SW Campbell Ct.","Southwest Neighborhoods, Inc."
-122.7066838,45.48728691,246,123,123,143,Heritage,Quercus garryana,Oregon white oak,1S1E17AA  7600,4825 SW DOSCH PARK LN,96,82,13.1,50,1997,"Private, Rear Yard","This tree is on west side of the lot, between SW Dosch Rd and SW Campbell Ct.","Southwest Neighborhoods, Inc."
-122.6448835,45.51877538,247,267,267,294,Heritage,Pseudotsuga menziesii,Douglas fir,1S1E02    101,SE 20th & Morrison St.,85,50,13.3,51,2009,"Public, Metro","This tree was the inspiration for the name of the historic Lone Fir Cemetery, it is located in the northwest section of the lot, roughly opposite 437 SE 22nd Ave.",Southeast Uplift Neighborhood Program
-122.7066268,45.48742333,248,124,124,144,Heritage,Pinus strobus,Eastern white pine,1S1E17AA  7600,4825 SW DOSCH PARK LN,70,60,7.7,29,1997,"Private, Side Yard",This tree is on east side of house.,"Southwest Neighborhoods, Inc."
-122.6419954,45.51808474,249,268,268,295,Heritage,Acer macrophyllum,Bigleaf maple,1S1E02    101,SE 20th & Morrison,100,105,14.7,56,2009,Public (Metro),"This tree is located inside the Cemetery, northeast of the old chapel on the main east/west paved path. This maple is known as the General Joseph Lane Tree.  It was planted in commemoration of General Joseph Lane who came to Oregon on the Oregon Trail, *",Southeast Uplift Neighborhood Program
-122.7065245,45.48740892,250,125,125,145,Heritage,Thuja plicata,Western redcedar,1S1E17AA  7600,4825 SW DOSCH PARK LN,120,63,9.1,35,1997,"Private, Rear Yard",This tree has poor visibility from the street.,"Southwest Neighborhoods, Inc."
-122.6299386,45.47939187,251,269,269,296,Heritage,Chamaecyparis lawsoniana,Port Orford cedar,1S1E13    100,3203 SE WOODSTOCK BLVD,77,33,8.4,32,2009,Private (Reed Campus),"This tree is opposite 3210 SE Woodstock Blvd, on the Reed College campus.",Southeast Uplift Neighborhood Program
-122.7071487,45.4874305,252,126,126,146,Heritage,Calocedrus decurrens,Incense cedar,1S1E17AA  7600,4825 SW DOSCH PARK LN,150,25,10.2,39,1997,"Private, Front Yard",This tree is at the SW corner of the house.,"Southwest Neighborhoods, Inc."
-122.6570938,45.55543992,253,270,270,297,Heritage,Castanea sativa,Spanish chestnut,1N1E23CB  100,828 NE PRESCOTT ST,55,51,11.2,43,2009,Right Of Way,,Northeast Coalition of Neighbors
-122.7070905,45.48776216,254,127,127,147,Heritage,Picea sitchensis,Sitka spruce,1S1E17AA  7800,4711 SW CAMPBELL CT,130,63,11.25,43,1997,"Private, Side Yard",This tree is at the south corner of the house.,"Southwest Neighborhoods, Inc."
-122.6294528,45.50363061,255,271,271,298,Heritage,Catalpa bignonioides,Southern catalpa,1S1E12AB  7700,3401 SE CLINTON ST,40,94,12.5,48,2010,"Private, Side Yard",This tree is at the corner of SE 34th Ave and SE Clinton Ave.,Southeast Uplift Neighborhood Program
-122.7057106,45.50832856,256,128,128,148,Heritage,Pseudotsuga menziesii,Douglas fir,1S1E05DD  4200,2525 SW MONTGOMERY DR,110,62,13.6,52,1997,Right of Way,"This tree is found at the southeast corner of this lot, near Buena Vista Dr.","Southwest Neighborhoods, Inc."
-122.7131769,45.53254852,257,129,129,149,Heritage,Styphnolobium japonica,Japanese pagoda tree,1N1E32BA  300,3075 NW CORNELL RD,52,74,8.6,33,1997,"Private, Side Yard",This tree was planted ca. 1910 and is visible from NW 30th Ave.,Neighbors West/Northwest
-122.6566565,45.54505632,258,272,272,299,Heritage,Pinus taeda,Loblolly pine,1N1E26BB  14300,3045 NE 9TH AVE,105,42,10.3,39,2010,"Private, Front Yard",front yard,Northeast Coalition of Neighbors
-122.6282718,45.49092153,259,130,130,150,Heritage,Juglans nigra,Black walnut,1S1E12DC  11400,4404 SE 35TH AVE,70,84,17.9,68,1997,"Private, Rear Yard of 4 property",on rear corner between SE 35th Ave and SE 35th Pl between SE Holgate Blvd and SE Cora St,Southeast Uplift Neighborhood Program
-122.6241182,45.47931657,260,273,273,300,Heritage,Cedrus deodara,Deodar cedar,1S1E13DA  10700,3735 SE WOODSTOCK BLVD,80,80,15,57,2010,"Private, Front Yard",front yard,Southeast Uplift Neighborhood Program
-122.6135938,45.46561751,261,131,131,151,Heritage,Juglans nigra,Black walnut,1S2E19CA  16700,4818 SE TENINO DR,80,87,12,46,1997,"Private, Front Yard",south side between SE 48th Ave and SE 49th Ave,Southeast Uplift Neighborhood Program
-122.5843966,45.51381856,262,274,274,301,Heritage,Sequoia sempervirens,Coast redwood,1S2E05AC  1200,7617 SE MAIN ST,120,60,19.2,73,2010,"Private, Front Yard",This tree is adjacent to the exit for the parking lot at St. Andrews Care Center.,Southeast Uplift Neighborhood Program
-122.5986373,45.51110876,263,132,132,152,Heritage,Sequoiadendron giganteum,Giant sequoia,1S2E05    100,6325 SE DIVISION ST,200,50,25.25,96,1997,"Portland Parks & Recreation, Mt Tabor","This tree is on the east side of the rectangular reservoir, on the west side of Mt. Tabor Park.",Southeast Uplift Neighborhood Program
-122.6401551,45.54961585,264,275,275,303,Heritage,Platanus x acerifolia,London planetree,1N1E24CC  10100,2437 NE REGENTS DR,60,81,16.5,63,2010,Right Of Way,This tree is on NE 25th Ave.,Northeast Coalition of Neighbors
-122.6162413,45.52509083,265,133,133,153,Heritage,Ostrya virginiana,American hop-hornbeam,1N2E31CB  2800,221 NE 45TH AVE,38,36,3.32,13,1997,Right Of Way,This is the south tree of a pair of Heritage Hornbeams at this address.,Southeast Uplift Neighborhood Program
-122.6162406,45.5251657,266,134,134,154,Heritage,Ostrya virginiana,American hop-hornbeam,1N2E31CB  2800,221 NE 45TH AVE,48,43,4.84,18,1997,Right Of Way,This is the north tree of a pair of Heritage Hornbeams at this address.,Southeast Uplift Neighborhood Program
-122.6349364,45.51861479,267,276,276,304,Heritage,Quercus macrocarpa,Burr oak,1S1E01BA  14700,2921-2955 SE WASHINGTON ST,80,90,11.6,44,2010,Right Of Way,This tree is on the corner of SE Washington St. and SE 30th Ave.,Southeast Uplift Neighborhood Program
-122.6475044,45.54226853,268,135,135,155,Heritage,Fagus sylvatica f. purpurea,European beech,1N1E26AC  11400,1719 NE KNOTT ST,80,84,20.88,80,1997,"Private, Front Yard","This tree is a variety of European Beech known as a Copper Beech, Fagus sylvatica f. purpurea and was planted about 1916 at the John Linden Bowman home.",Northeast Coalition of Neighbors
-122.6575935,45.54405803,269,277,277,305,Heritage,Acer pseudoplatanus,Sycamore maple,1N1E26BC  1600,2923 NE 8TH AVE,80,64,11.9,45,2010,Right Of Way,,Northeast Coalition of Neighbors
-122.6047695,45.51472571,270,136,136,156,Heritage,Quercus rubra,Northern red oak,1S2E06AD  3000,5700 SE TAYLOR ST,110,100,18.42,70,1997,"Private, Front Yard",south side opposite SE 57th Ave,Southeast Uplift Neighborhood Program
-122.7080628,45.50450408,271,137,137,157,Heritage,Quercus garryana,Oregon white oak,1S1E08AB  100,SW PATTON & OLD ORCHARD RD,87,100,17.8,68,1997,"Public, Portland Parks & Rec","This tree is in the middle of Portland Heights Park, adjacent to Strohecker's market.","Southwest Neighborhoods, Inc."
-122.6037567,45.51468837,272,278,278,307,Heritage,Sequoiadendron giganteum,Giant sequoia,1S2E06AD  3200,5810 SE Taylor St.,120,43,23.1,88,2011,"Private, Front Yard",,Southeast Uplift Neighborhood Program
-122.700585,45.52181107,273,138,138,158,Heritage,Sequoiadendron giganteum,Giant sequoia,1N1E33CC6 40004,"2393 SW PARK PL, UN 101",95,52,22.1,84,1997,"Private, Rear Yard",This tree is not very visible from the street.,Neighbors West/Northwest
-122.638976,45.53219762,274,279,279,308,Heritage,Acer pseudoplatanus,Sycamore maple,1N1E36BB  8000,2607 NE WASCO ST,65,77,12.7,49,2011,Right Of Way,,Northeast Coalition of Neighbors
-122.6980699,45.52001274,275,139,139,159,Heritage,Cercidiphyllum japonicum,Katsura,1N1E33CC  5600,1132 SW VISTA AVE,48,46,11.6,44,1997,"Private, Front Yard",east side between SW Park Pl and SW King Ct,Neighbors West/Northwest
-122.7282673,45.52679655,276,280,280,306,Heritage,Metasequoia glyptostroboides,Dawn redwood,1N1E31A   200,Upper Macleay Park,75,35,11,42,2011,"Portland Parks & Recreation, (Upper Macleay Park)",This row of trees is visible to the west of the entrance of the main parking area on NW Cornell.,Neighbors West/Northwest
-122.6239777,45.52066011,277,140,140,160,Heritage,Cercidiphyllum japonicum,Katsura,1N1E36D   100,SE 39th & Oak,68,61,10.2,39,1997,Portland Parks & Recreation (Laurelhurst Park),This tree is just north of the Park entrance at SE 39th and SE Oak St.,Southeast Uplift Neighborhood Program
-122.7415871,45.47451624,278,281,281,309,Heritage,Cedrus libani ssp. atlantica,Blue atlas cedar,1S1E19BB  6600,7000 SW 63RD AVE,75,72,12.9,49,2011,"Private, Side Yard",This tree is fully visible from SW California St.,"Southwest Neighborhoods, Inc."
-122.7142249,45.53486453,279,141,141,161,Heritage,Tilia platyphyllos,Bigleaf linden,1N1E29CD  16800,1722 NW 32ND AVE,110,60,14.55,56,1997,"Private, Rear Yard",This tree is only partially visible from the street.,Neighbors West/Northwest
-122.6265116,45.56954371,280,282,282,310,Heritage,Diospyrus virginiana,American persimmon,1N1E13DB  1800,6440 NE 36TH AVE,45,30,4.6,18,2011,Right Of Way,,Northeast Coalition of Neighbors
-122.6254083,45.55717037,281,283,283,311,Heritage,Larix kaempferi,Japanese larch,1N1E24AD  3800,4626 NE 37TH AVE,40,42,6.4,24,2011,"Private, Front Yard",,Central Northeast Neighborhoods
-122.6812607,45.56325284,282,142,142,162,Heritage,Catalpa bignonioides,Southern catalpa,1N1E15CC  16600,5533 N MARYLAND AVE,46,50,11.8,45,1997,Right Of Way,This tree is at the corner of N Maryland Ave and N Church St.,North Portland Neighborhood Services
-122.6691701,45.55321093,283,284,284,312,Heritage,Fagus sylvatica,European beech,1N1E22DB  16100,4073 N GANTENBEIN AVE,85,120,16.3,62,2013,"Private, Front Yard","This tree is a variety of European Beech known as a Copper Beech, Fagus sylvatica f. purpurea.",Northeast Coalition of Neighbors
-122.6499919,45.53880039,284,143,143,163,Heritage,Betula pendula,European white birch,1N1E26DB  15800,1526 NE THOMPSON ST,80,99,10.18,39,1997,"Private, Side Yard",south side between NE 15th Ave and NE 16th Ave,Northeast Coalition of Neighbors
-122.7167559,45.51920938,285,285,285,313,Heritage,Metasequoia glyptostroboides,Dawn redwood,1S1E05    1000,SW Bary Ln. in Hoyt Arboretum,103,33,10.6,40,2013,Portland Parks & Recreation (Hoyt Arboretum),This tree is an Oregon Heritage Tree.  It was the first Dawn Redwood to bear cones in the Western hemisphere in 8 million years.,Neighbors West/Northwest
-122.7149881,45.53387345,286,286,286,314,Heritage,Quercus palustris,Pin oak,1N1E29CD  15700,1611 NW 32ND AVE,115,75,12.4,47,2013,"Private, Side Yard",This tree is visible from the corner of NW 33rd Ave and NW Quimby St.,Neighbors West/Northwest
